BHID,AT,AZ,DIP
DEEP-001,0,74.055,59.579
DEEP-001,326.2,74.055,59.579
DEEP-002,0,244.78,60.968
DEEP-002,344.8,244.78,60.968
DEEP-003,0,79.236,63.83
DEEP-003,346.5,79.236,63.83
DEEP-004,0,78.751,58.995
DEEP-004,326,78.751,58.995
DEEP-005,0,40.821,60.499
DEEP-005,401.8,40.821,60.499
DEEP-006,0,36.949,59.677
DEEP-006,501,36.949,59.677
DEEP-007,0,270.92,58.002
DEEP-007,369.8,270.92,58.002
DEEP-008,0,1.104,59.575s
DEEP-008,512.3,1.104,59.575
DEEP-009,0,303.028,57.976
DEEP-009,531.2,303.028,57.976
DEEP-010,0,38.673,62.108
DEEP-010,523.2,38.673,62.108
DEEP-011,0,38.161,61.359
DEEP-011,525.6,38.161,61.359
DEEP-012,0,161.158,60.919
DEEP-012,525,161.158,60.919
DEEP-013,0,179.643,59.744
DEEP-013,97.6,179.643,59.744
DEEP-013B,0,178.829,70.436
DEEP-013B,35,179.9,70.9
DEEP-013B,65,181.4,70.6
DEEP-013B,95,182.1,70.6
DEEP-013B,125,182.3,70.7
DEEP-013B,155,183.2,71.3
DEEP-013B,185,184.8,71
DEEP-013B,215,186.7,70.5
DEEP-013B,245,187.6,70.5
DEEP-013B,275,187.5,70.4
DEEP-013B,305,187.7,70.9
DEEP-013B,335,188.5,71.4
DEEP-013B,365,187.5,70.3
DEEP-013B,395,186.7,69.9
DEEP-013B,425,187.2,69.8
DEEP-013B,455,186.8,69.9
DEEP-013B,485,187,70
DEEP-013B,514.6,186.9,70.2
DEEP-014,0,354.518,60.858
DEEP-014,15,355.9,63.1
DEEP-014,30,355.9,62.8
DEEP-014,45,354.9,63.1
DEEP-014,60,354.3,63.2
DEEP-014,75,354.3,63.2
DEEP-014,90,354.2,63.4
DEEP-014,105,354,63.7
DEEP-014,120,354.5,64
DEEP-014,135,354.2,63.7
DEEP-014,150,354.3,63.7
DEEP-014,165,354.4,63.7
DEEP-014,180,354.1,63.6
DEEP-014,195,354.3,63.5
DEEP-014,210,354.8,63.5
DEEP-014,225,355.8,63.4
DEEP-014,240,355.2,63.3
DEEP-014,255,355.7,63.1
DEEP-014,270,355.1,63
DEEP-014,285,355.3,62.9
DEEP-014,300,355.1,62.9
DEEP-014,315,355.8,63.7
DEEP-014,330,355.7,63.3
DEEP-014,345,355.9,63.3
DEEP-014,360,355.7,63.1
DEEP-014,375,355.5,63.2
DEEP-014,390,355.4,63.3
DEEP-014,405,355.8,63.1
DEEP-014,420,354.6,63.4
DEEP-014,435,354.4,63.7
DEEP-014,450,354.3,63.8
DEEP-014,467,354.9,63.6
DEEP-014,482,354.4,63.3
DEEP-014,497,354.7,63.8
DEEP-014,512.5,354.3,63.9
DEEP-015,0,0,90
DEEP-015,94,0,90
DEEP-015A,0,0,90
DEEP-015A,87.8,0,90
DEEP-016,0,0,90
DEEP-016,30,321.6,89.8
DEEP-016,60,293.9,89.7
DEEP-016,90,7.3,89.8
DEEP-016,120,315.4,89.8
DEEP-016,150,324.6,89
DEEP-016,180,305,89.4
DEEP-016,210,31.1,89
DEEP-016,240,351.6,89.2
DEEP-016,270,345.3,89
DEEP-016,300,318.9,88.9
DEEP-016,330,314.2,88.8
DEEP-016,360,321.9,88.9
DEEP-016,390,329.8,88.8
DEEP-016,420,312.7,88.8
DEEP-016,450,314.7,88.7
DEEP-016,480,306.1,88.8
DEEP-016,502.3,306.1,88.8
DEEP-017,0,0,90
DEEP-017,139,0,90
DEEP-017A,0,0,90
DEEP-017A,209,158,88.9
DEEP-017A,239,151.7,89.3
DEEP-017A,269,155.1,89.1
DEEP-017A,299,148.9,89
DEEP-017A,329,170.5,88.8
DEEP-017A,359,163.9,89.1
DEEP-017A,389,160.5,88.9
DEEP-017A,419,173.7,88.9
DEEP-017A,449,184.6,88.5
DEEP-017A,479,188,88.2
DEEP-017A,509,194.6,88.6
DEEP-017A,539,173.8,89.3
DEEP-017A,569,168.4,89.5
DEEP-017A,599,152.9,89.4
DEEP-017A,625,126.4,89.3
DEEP-017A,655,117.5,89.2
DEEP-017A,685,134.5,89.3
DEEP-017A,715,134.4,89.6
DEEP-017A,745,153.7,89.7
DEEP-017A,775,121.2,89.2
DEEP-017A,805,139.3,89.2
DEEP-017A,835,143.4,89.4
DEEP-017A,865,153.9,89.6
DEEP-017A,895,91.1,89.8
DEEP-017A,925,296.6,86.8
DEEP-017A,926.1,296.6,86.8
DEEP-018,0,39.794,60.24
DEEP-018,273.4,39.794,60.24
DEEP-018A,0,74.606,59.98
DEEP-018A,30,51.6,61.9
DEEP-018A,60,56.8,62.8
DEEP-018A,90,56.9,62.9
DEEP-018A,120,56.4,62.9
DEEP-018A,150,56.8,63
DEEP-018A,180,57.3,63
DEEP-018A,221.7,57.3,63
DEEP-019,0,79.778,60.875
DEEP-019,137,79.778,60.875
DEEP-019A,0,97.271,58.09
DEEP-019A,90,96.3,61.2
DEEP-019A,120,97,61.8
DEEP-019A,150,97.1,61.6
DEEP-019A,180,97.4,62.1
DEEP-019A,210,97.3,62.2
DEEP-019A,240,96.8,62.5
DEEP-019A,270,97.1,62.3
DEEP-019A,300,96.8,62.3
DEEP-019A,330,96.9,62.4
DEEP-019A,360,96.5,62.5
DEEP-019A,390,97,62.2
DEEP-019A,420,96.2,61.9
DEEP-019A,450,96.5,62
DEEP-019A,480,95.6,62
DEEP-019A,510,96.1,61.8
DEEP-019A,540,97.1,62
DEEP-019A,554.3,97.1,62
DEEP-020,0,82.922,59.352
DEEP-020,100.1,82.922,59.352
DEEP-020A,0,0,90
DEEP-020A,60,235.2,89.2
DEEP-020A,90,218.2,89.4
DEEP-020A,120,233.2,89.1
DEEP-020A,150,226.8,89
DEEP-020A,180,247.4,89.5
DEEP-020A,210,226.6,89.1
DEEP-020A,240,221.9,89.1
DEEP-020A,292,218.2,88.9
DEEP-020A,322,217.5,89.2
DEEP-020A,352,251.8,89
DEEP-020A,382,255.3,89.4
DEEP-020A,412,254.7,89
DEEP-020A,442,265.7,89.3
DEEP-020A,472,262.2,89.1
DEEP-020A,502.1,280.2,89.2
DEEP-021,0,324.227,60.997
DEEP-021,40,322.9,62
DEEP-021,70,322.3,61.8
DEEP-021,100,323.3,62.1
DEEP-021,130,323.6,62.3
DEEP-021,160,323.4,62.6
DEEP-021,190,323.7,62.7
DEEP-021,210,325.4,62.9
DEEP-021,240,325.6,62.8
DEEP-021,270,324.8,63.3
DEEP-021,300,325.2,63.2
DEEP-021,330,324.3,63.6
DEEP-021,360,323.5,63.9
DEEP-021,390,323.8,64.3
DEEP-021,420,323.2,63.7
DEEP-021,450,323.9,64
DEEP-021,480,323,64.5
DEEP-021,510,323.5,64.2
DEEP-021,540,323.3,64.7
DEEP-021,570,323.2,64.6
DEEP-021,572.3,323.2,64.6
DEEP-022,0,0,90
DEEP-022,61,325.1,89.8
DEEP-022,91,341.1,89.7
DEEP-022,121,257,89.8
DEEP-022,151,320.6,89.5
DEEP-022,181,305.3,89.7
DEEP-022,211,283.4,89.5
DEEP-022,241,317.7,89.5
DEEP-022,270,260.8,89.6
DEEP-022,300,259,89.3
DEEP-022,330,274.2,89.8
DEEP-022,360,292.6,89.2
DEEP-022,390,291.1,89.8
DEEP-022,420,250.1,89.2
DEEP-022,450,298.5,89.5
DEEP-022,480,226.2,89.2
DEEP-022,485.2,226.2,89.2
DEEP-023,0,0,90
DEEP-023,85.1,0,90
DEEP-023A,0,0,90
DEEP-023A,360,300.2,88.9
DEEP-023A,390,291.2,88.9
DEEP-023A,420,289.5,88.8
DEEP-023A,450,295.7,88.9
DEEP-023A,480,308.9,89.3
DEEP-023A,510,287.5,89
DEEP-023A,540,287.2,88.9
DEEP-023A,570,287.5,88.9
DEEP-023A,600,282.6,89
DEEP-023A,630,270.2,89.1
DEEP-023A,660,271.1,89.1
DEEP-023A,690,267.3,89.2
DEEP-023A,720,249.9,89.2
DEEP-023A,750,267.1,88.8
DEEP-023A,780,279.9,88.6
DEEP-023A,810,277.1,88.8
DEEP-023A,840,281.6,88.8
DEEP-023A,870,288.4,89
DEEP-023A,900,289.7,89.1
DEEP-023A,1051.8,289.7,89.1
DEEP-024,0,0,90
DEEP-024,140,0,89.8
DEEP-024,170,306.8,89.9
DEEP-024,200,161.7,89.9
DEEP-024,230,8.1,89.9
DEEP-024,260,235.7,89.8
DEEP-024,290,268.8,89.9
DEEP-024,320,247.7,89.8
DEEP-024,350,53,89.9
DEEP-024,380,333.6,89.8
DEEP-024,410,354.3,89.9
DEEP-024,440,241.8,89.9
DEEP-024,470,29,89.9
DEEP-024,500,54.5,89.8
DEEP-024,515,146.3,89.7
DEEP-024,545,87.7,89.8
DEEP-024,575,13.7,89.6
DEEP-024,605,244.3,89.5
DEEP-024,635,316.5,89.8
DEEP-024,665,321,89.5
DEEP-024,695,350.5,88.9
DEEP-024,725,352.9,89.3
DEEP-024,755,13.3,89.5
DEEP-024,785,338.3,89
DEEP-024,815,18.4,89.2
DEEP-024,845,359.2,88.9
DEEP-024,875,359.9,88.8
DEEP-024,905,23.8,89.1
DEEP-024,935,328.2,89.1
DEEP-024,965,344.6,89
DEEP-024,968.9,344.6,89
DEEP-025,0,137.643,60.613
DEEP-025,40,137.8,61.5
DEEP-025,70,138.2,61.4
DEEP-025,100,144.3,62
DEEP-025,130,138.2,62.6
DEEP-025,160,138.2,62.7
DEEP-025,190,138.4,63.1
DEEP-025,220,138.8,63.7
DEEP-025,250,139.3,64.1
DEEP-025,280,138.6,65
DEEP-025,300,138.4,65.1
DEEP-025,330,137.6,65.9
DEEP-025,360,137.2,66.2
DEEP-025,390,137.4,65.9
DEEP-025,420,137.3,65.6
DEEP-025,450,136.9,65.4
DEEP-025,480,137.5,65.4
DEEP-025,510,138.2,65.1
DEEP-025,540,138.6,64.6
DEEP-025,570,138.6,64.3
DEEP-025,570.5,138.6,64.3
DEEP-026,0,0,90
DEEP-026,74,0,90
DEEP-026A,0,0,90
DEEP-026A,30,319.5,89.3
DEEP-026A,60,301.7,88.7
DEEP-026A,90,311.1,89.1
DEEP-026A,120,309.9,88.9
DEEP-026A,150,308.8,89.2
DEEP-026A,180,306.5,89.1
DEEP-026A,210,318.1,88.9
DEEP-026A,240,306.5,88.8
DEEP-026A,248.3,306.5,88.8
DEEP-027,0,144.962,70.27
DEEP-027,250,144.1,72.4
DEEP-027,280,145,72.5
DEEP-027,310,145.5,72.9
DEEP-027,340,145.6,73.1
DEEP-027,370,146.3,73
DEEP-027,400,145.9,73
DEEP-027,430,146.7,73.1
DEEP-027,460,147.5,72.9
DEEP-027,490,148,72.7
DEEP-027,520,148.2,73
DEEP-027,550,148.5,73.1
DEEP-027,580,147.4,73.2
DEEP-027,610,147.5,73.4
DEEP-027,640,147.7,73.5
DEEP-027,670,147.7,73.3
DEEP-027,700,148.1,73.5
DEEP-027,720,147.2,73.3
DEEP-027,750,147.2,73.5
DEEP-027,780,147.2,73.4
DEEP-027,810,149.6,73.4
DEEP-027,840,148.6,73.4
DEEP-027,870,148.3,73.8
DEEP-027,900,148.8,73.7
DEEP-027,930,148.1,73.5
DEEP-027,960,148,73.5
DEEP-027,990.65,147.2,72.5
DEEP-027D,0,144.778,70.121
DEEP-027D,321.5,144.778,70.121
DEEP-028,0,54.32,71.79
DEEP-028,150,54.3,72.1
DEEP-028,180,49.3,72.4
DEEP-028,210,48.6,72
DEEP-028,240,48.7,72.3
DEEP-028,270,48.1,72.2
DEEP-028,300,49.1,72.1
DEEP-028,330,49.4,72.4
DEEP-028,360,49.2,72.3
DEEP-028,390,49.6,72.4
DEEP-028,420,49.2,72.6
DEEP-028,450,49.2,72.7
DEEP-028,480,49.5,72.9
DEEP-028,510,49.6,73.2
DEEP-028,540,49.6,73.2
DEEP-028,570,49.5,73.2
DEEP-028,600,49.3,73.2
DEEP-028,630,50.2,73.4
DEEP-028,660,49.1,73.5
DEEP-028,690,49.1,73.6
DEEP-028,720,47.2,73.7
DEEP-028,750,46.9,73.8
DEEP-028,780,47.5,73.3
DEEP-028,810,49.8,73.6
DEEP-028,840,45.4,73.6
DEEP-028,870,46,73.4
DEEP-028,900,47.9,73.3
DEEP-028,944.3,47.9,73.3
DEEP-029,0,0,90
DEEP-029,160,72,89.8
DEEP-029,190,55.2,89.8
DEEP-029,220,75.1,89.9
DEEP-029,250,34.6,89.7
DEEP-029,280,347.2,89.8
DEEP-029,310,35.9,89.9
DEEP-029,340,327.5,89.8
DEEP-029,370,18.6,89.8
DEEP-029,400,4.3,89.6
DEEP-029,430,353.6,89.7
DEEP-029,460,334.8,89.7
DEEP-029,490,330.7,89.6
DEEP-029,520,332.2,89.6
DEEP-029,550,338.9,89.5
DEEP-029,580,338.4,89.5
DEEP-029,610,0.1,89.5
DEEP-029,615,341.6,89.4
DEEP-029,630,348.5,89.3
DEEP-029,645,2.9,89.5
DEEP-029,660,31.7,88.9
DEEP-029,675,60.5,89.2
DEEP-029,690,42.9,89
DEEP-029,705,27.8,89.2
DEEP-029,720,33.2,89.2
DEEP-029,735,22.3,89.7
DEEP-029,750,22.6,88.9
DEEP-029,765,32.5,88.9
DEEP-029,780,49.2,88.6
DEEP-029,795,53.2,88.7
DEEP-029,810,45.5,88.9
DEEP-029,825,41.9,88.7
DEEP-029,840,44.8,88.6
DEEP-029,855,39.2,88.6
DEEP-029,870,44.1,88.6
DEEP-029,885,37.7,88.1
DEEP-029,900,26.9,88.2
DEEP-029,915,42.7,88.5
DEEP-029,930,33,88
DEEP-029,945,24.1,88.3
DEEP-029,960,46.3,88
DEEP-029,975,41.5,87.8
DEEP-029,990,34.5,87.8
DEEP-029,1005,52.7,87.9
DEEP-029,1020,49.4,88.2
DEEP-029,1035,39.3,88
DEEP-029,1089.1,39.3,88
DEEP-030,0,0,90
DEEP-030,70,10.6,88.9
DEEP-030,100,359.7,89.3
DEEP-030,130,347.8,89.2
DEEP-030,160,354.5,88.7
DEEP-030,190,347.9,88.6
DEEP-030,220,356.6,88.9
DEEP-030,250,356.1,88.4
DEEP-030,280,7.7,88.7
DEEP-030,310,353.5,88.6
DEEP-030,340,3.5,88.5
DEEP-030,370,349.4,88.6
DEEP-030,400,359.1,88.7
DEEP-030,430,344.5,88.3
DEEP-030,460,359.4,88
DEEP-030,490,354.2,88.3
DEEP-030,520,353.9,88.3
DEEP-030,550,1.5,88
DEEP-030,580,357.4,88.3
DEEP-030,610,351.1,88.2
DEEP-030,640,355.1,88.2
DEEP-030,670,348.7,88
DEEP-030,705,297.8,89.2
DEEP-030,735,7,88
DEEP-031,0,0,90
DEEP-031,210,306.8,88.7
DEEP-031,240,317,88.6
DEEP-031,270,322.7,88.6
DEEP-031,300,326.2,88.9
DEEP-031,330,327.9,88.6
DEEP-031,360,330.9,88.5
DEEP-031,390,336.3,88.2
DEEP-031,420,346.5,88.1
DEEP-031,450,338.6,88
DEEP-031,480,346.9,88
DEEP-031,510,343.5,88.1
DEEP-031,540,345.7,88
DEEP-031,570,351.8,87.8
DEEP-031,600,356.4,87.8
DEEP-031,630,357.5,87.6
DEEP-031,689.6,357.5,87.6
DEEP-032,0,0,90
DEEP-032,60,327.9,89.4
DEEP-032,90,308.5,89.5
DEEP-032,120,10.1,89.4
DEEP-032,150,22.2,89.4
DEEP-032,180,301,89.5
DEEP-032,210,14.6,89.2
DEEP-032,240,350,89.4
DEEP-032,270,257.2,89.2
DEEP-032,495,326.3,88.7
DEEP-032,525,5.7,89.2
DEEP-033,0,0,90
DEEP-033,120,343.4,89.4
DEEP-033,150,16.6,89.6
DEEP-033,180,358.5,89.6
DEEP-033,210,339.9,89
DEEP-033,240,331.1,89.7
DEEP-033,270,330.3,89.8
DEEP-033,300,9.6,89.6
DEEP-033,330,337.7,89.2
DEEP-033,360,345.9,89.2
DEEP-033,390,317.3,89.3
DEEP-033,420,344.7,89.6
DEEP-033,450,318.6,89.2
DEEP-033,480,339.7,89
DEEP-033,510,341.1,89.6
DEEP-033,540,328.5,89.2
DEEP-033,570,10,89.2
DEEP-033,600,336.3,89
DEEP-033,630,4.9,88.8
DEEP-033,670,13.6,88.3
DEEP-033,700,271.2,89.3
DEEP-033,730,333.7,89.2
DEEP-033,760,25.4,88.3
DEEP-033,790,27.1,88.1
DEEP-033,820,318.4,89.4
DEEP-033,850,17.3,88.8
DEEP-033,880,20.7,88.2
DEEP-033,910,350.9,88.5
DEEP-033,940,343.3,89.1
DEEP-033,970,95.3,89.1
DEEP-033,1003.6,331.2,89.2
DEEP-034,0,0,90
DEEP-034,280,18.4,88.6
DEEP-034,310,15.3,88.3
DEEP-034,340,13.9,88.7
DEEP-034,370,20.5,88.7
DEEP-034,400,22.1,88.6
DEEP-034,430,11.7,88.7
DEEP-034,460,11.9,88.5
DEEP-034,490,2.6,88.6
DEEP-034,520,14.8,88.4
DEEP-034,550,18.7,88.5
DEEP-034,580,13.7,88.5
DEEP-034,610,7.1,88.5
DEEP-034,640,14.7,88.1
DEEP-034,670,11.3,88.3
DEEP-034,700,5.5,88.2
DEEP-034,740,6.6,87.9
DEEP-034,770,12.2,88
DEEP-034,800,10.3,88.1
DEEP-034,830,12,88.1
DEEP-034,860,17.2,88
DEEP-034,890,15.8,87.8
DEEP-034,920,11.2,87.7
DEEP-034,950,17.1,88.1
DEEP-034,980,24.5,87.9
DEEP-034,1019.5,30.3,87.8
DEEP-035,0,0,90
DEEP-035,131.1,0,90
DEEP-035A,0,0,90
DEEP-035A,108,0,90
DEEP-036,0,0,90
DEEP-036,250,323.2,88.2
DEEP-036,280,321.8,88
DEEP-036,310,312.5,88.3
DEEP-036,340,310.7,88.5
DEEP-036,370,306.1,88.6
DEEP-036,400,308.1,88.3
DEEP-036,430,309.2,88.3
DEEP-036,460,322.5,88.6
DEEP-036,490,314.8,88.5
DEEP-036,520,312,88.8
DEEP-036,550,304.3,88.6
DEEP-036,580,315.3,89
DEEP-036,610,306,89
DEEP-036,640,295.4,89.3
DEEP-036,670,301.1,88.9
DEEP-036,700,318.5,89
DEEP-036,740,311.8,88.7
DEEP-036,770,291.6,88.7
DEEP-036,800,293.2,88.9
DEEP-036,830,286.8,89
DEEP-036,860,314.6,88.9
DEEP-037,0,0,90
DEEP-037,175,66.3,88.5
DEEP-037,205,69.4,88.8
DEEP-037,235,64.3,88.9
DEEP-037,265,69.4,88.9
DEEP-037,295,74.2,88.8
DEEP-037,325,87.8,88.7
DEEP-037,355,86.5,88.3
DEEP-037,385,84.2,88.5
DEEP-037,415,75.2,88.5
DEEP-037,445,72.2,88.5
DEEP-037,475,73.7,88.3
DEEP-037,505,82.7,88.5
DEEP-037,535,71.9,88.5
DEEP-037,565,64.9,88.5
DEEP-037,595,47.4,88.2
DEEP-037,625,50.6,88.1
DEEP-037,655,57.3,88.1
DEEP-037,685,53.5,88
DEEP-037,696,51,87.3
DEEP-037,726,57.4,87.4
DEEP-037,756,59.8,87.4
DEEP-037,786,63.2,87.6
DEEP-038,0,0,90
DEEP-038,220,320.4,89.4
DEEP-038,250,304.2,89.4
DEEP-038,280,343.5,89.3
DEEP-038,310,341.5,89.2
DEEP-038,340,332.2,88.8
DEEP-038,370,319.3,88.9
DEEP-038,400,334.6,88.9
DEEP-038,430,327.9,89
DEEP-038,460,354.4,88.9
DEEP-038,490,331.9,88.7
DEEP-038,520,331.6,88.7
DEEP-038,550,344.2,88.7
DEEP-038,580,345.3,88.6
DEEP-038,610,338.6,88.7
DEEP-038,640,346.7,88.9
DEEP-038,670,339.5,88.7
DEEP-039,0,0,90
DEEP-039,104.2,0,90
DEEP-039A,0,0,90
DEEP-039A,150,81.8,89.8
DEEP-039A,180,206.1,89.7
DEEP-039A,210,130.3,89.3
DEEP-039A,240,229.6,89.9
DEEP-039A,270,81.3,89.4
DEEP-039A,300,56.5,89.2
DEEP-039A,330,85.6,89.2
DEEP-039A,360,68.7,89.3
DEEP-039A,390,100.9,89.5
DEEP-039A,420,9.5,89.3
DEEP-039A,450,8.9,89.3
DEEP-039A,480,321.2,89.6
DEEP-039A,510,80.6,89.4
DEEP-039A,540,5.7,89.5
DEEP-039A,570,60.1,89.6
DEEP-039A,600,44.9,89.5
DEEP-039A,630,247.7,89.8
DEEP-039A,660,40.2,89.6
DEEP-039A,690,310.6,89.2
DEEP-039A,720,10.2,89.1
DEEP-039A,750,345.2,89.3
DEEP-040,0,0,90
DEEP-040,191,271.8,89.3
DEEP-040,221,328.7,89.3
DEEP-040,251,23.2,89.5
DEEP-040,281,281.3,89.2
DEEP-040,311,37.9,89.6
DEEP-040,341,296.7,89.1
DEEP-040,371,319.4,89.2
DEEP-040,401,6.4,89.5
DEEP-040,431,257.3,89.6
DEEP-040,461,290.7,88.9
DEEP-040,491,264.3,89.3
DEEP-040,521,1.8,89.5
DEEP-040,551,291.4,89
DEEP-040,581,289.1,89
DEEP-040,611,1.7,89.1
DEEP-040,641,293.7,88.7
DEEP-040,671,330.3,89.4
DEEP-040,701,318.3,89.5
DEEP-040,728,311.9,88.7
DEEP-040,758,311.9,89.1
DEEP-040,788,309.8,89
DEEP-040,818,288.8,89
DEEP-040,848,299,89.2
DEEP-040,878,295.6,89.5
DEEP-040,908,225.8,89.4
DEEP-040,938,159.3,89.3
DEEP-040,968,182.5,89.3
DEEP-040,998,203.2,89.7
DEEP-040,1028,178.3,89.5
DEEP-041,0,0,90
DEEP-041,143,100,89.3
DEEP-041,173,146.9,89.3
DEEP-041,203,101.7,89.2
DEEP-041,233,106.8,89.4
DEEP-041,263,127.6,89.4
DEEP-041,293,135.5,88.7
DEEP-041,323,163.4,89.2
DEEP-041,353,170.2,89
DEEP-041,383,136.8,89.2
DEEP-041,413,174.6,88.9
DEEP-041,443,179.4,89.3
DEEP-041,473,170.6,89.3
DEEP-041,503,203.2,89.2
DEEP-041,533,207,89.4
DEEP-041,563,183.4,89
DEEP-041,593,174.3,89
DEEP-041,623,168.6,89.3
DEEP-041,653,218.7,89.1
DEEP-042,0,0,90
DEEP-042,167,62.9,88.1
DEEP-042,197,74.7,88.8
DEEP-042,227,63.9,88.6
DEEP-042,257,75.8,88.4
DEEP-042,287,82.4,88.7
DEEP-042,317,67.9,89
DEEP-042,347,62.8,88.8
DEEP-042,377,44.7,89.3
DEEP-042,407,44.6,89.4
DEEP-042,437,70.6,89.1
DEEP-042,467,72,89.2
DEEP-042,497,55.2,89.5
DEEP-042,527,32.3,89.5
DEEP-042,557,81.5,89.5
DEEP-042,587,72.7,89.3
DEEP-042,617,38.2,89.4
DEEP-042,647,41.2,89.5
DEEP-042,677,78.6,89.1
DEEP-042,707,44.6,89.4
DEEP-042,735,64.9,89.4
DEEP-042,765,82,89.5
DEEP-042,795,61.6,89.7
DEEP-042,825,60.3,89.7
DEEP-042,855,63.3,89.9
DEEP-042,885,76.7,89.7
DEEP-042,915,66.4,89
DEEP-042,945,64.5,89.3
DEEP-042,975,84.2,89.3
DEEP-042,1005,75.5,89.4
DEEP-043,0,0,90
DEEP-043,190,156.2,89.5
DEEP-043,220,154.7,89.3
DEEP-043,250,173.5,89.7
DEEP-043,280,155.6,89.4
DEEP-043,310,115.3,89.7
DEEP-043,340,130.8,89.7
DEEP-043,370,159.4,89.5
DEEP-043,400,175.4,89.4
DEEP-043,430,181.6,89.5
DEEP-043,460,179.8,89.6
DEEP-043,490,240.6,89.4
DEEP-043,520,224.7,89.3
DEEP-043,550,238.1,89.1
DEEP-043,580,253.9,89.6
DEEP-043,610,224,89.3
DEEP-043,640,196.9,89.4
DEEP-043,670,226.3,89.7
DEEP-044,0,0,90
DEEP-044,145,317.4,89.8
DEEP-044,175,289.9,89.7
DEEP-044,205,247.4,89.7
DEEP-044,235,274.2,89.6
DEEP-044,265,352.6,89.7
DEEP-044,295,49.1,89.3
DEEP-044,325,10.7,89.5
DEEP-044,707,291.6,88.6
DEEP-044,737,286.3,88.8
DEEP-044,767,261.8,89
DEEP-044,797,249.9,88.9
DEEP-044,827,253,88.8
DEEP-044,857,234.3,88.7
DEEP-044,887,224.8,88.8
DEEP-044,917,219.6,88.8
DEEP-044,947,218.4,88.7
DEEP-044,977,204.6,88.6
DEEP-044,1007,178,88.7
DEEP-044,1037,162,88.4
DEEP-045,0,0,90
DEEP-045,119,257.5,88.7
DEEP-045,149,270.3,89.1
DEEP-045,179,271.9,89.1
DEEP-045,209,264.8,89.1
DEEP-045,239,254.5,89.2
DEEP-045,269,244.6,89.7
DEEP-045,299,265.3,89.7
DEEP-045,329,290.3,89.1
DEEP-045,359,300.8,89.1
DEEP-045,389,295.7,89.2
DEEP-045,419,305.5,89.2
DEEP-045,449,317,89
DEEP-045,479,300.1,89.2
DEEP-045,509,311.6,89
DEEP-045,539,314,88.6
DEEP-045,569,320.3,88.5
DEEP-045,599,325.9,88.7
DEEP-045,629,322.4,88.9
DEEP-045,659,332.4,88.4
DEEP-045,689,340.3,89
DEEP-046,0,0,90
DEEP-046,134,166.8,89.4
DEEP-046,164,193,89.3
DEEP-046,194,172,89.5
DEEP-046,224,229.2,89.4
DEEP-046,254,197.6,89.5
DEEP-046,284,165,89.6
DEEP-046,314,359.3,89.8
DEEP-046,344,205.8,89.8
DEEP-046,374,33.9,89.8
DEEP-046,404,283,89.6
DEEP-046,434,261.4,89.8
DEEP-046,464,21.4,89.3
DEEP-046,494,358.4,89.9
DEEP-046,524,314,89.5
DEEP-046,554,342.8,89.2
DEEP-046,584,358.8,88.7
DEEP-046,614,2.5,88.6
DEEP-046,644,339.3,89.4
DEEP-046,674,4.8,89.2
DEEP-046,698,343.6,89.2
DEEP-046,728,325.2,89.1
DEEP-046,758,319.5,89.2
DEEP-046,788,298.5,89.5
DEEP-046,818,300,89.4
DEEP-046,848,292.5,89.4
DEEP-046,851.2,292.5,89.4
DEEP-047,0,0,90
DEEP-047,197,253.5,89.2
DEEP-047,227,255.9,89.6
DEEP-047,257,295.5,89.7
DEEP-047,287,267.9,89.6
DEEP-047,317,238.8,89.5
DEEP-047,347,239.7,89.5
DEEP-047,377,253.3,89.6
DEEP-047,407,261.9,89.5
DEEP-047,437,255,89.1
DEEP-047,467,259.8,89.5
DEEP-047,497,218.8,89.5
DEEP-047,527,268.4,89.6
DEEP-047,557,295.4,89.5
DEEP-047,587,228.7,89.7
DEEP-047,617,253.4,89.5
DEEP-047,647,211,89.1
DEEP-047,677,226.4,89.1
DEEP-047,707,198.2,89.5
DEEP-047,746,194.6,89
DEEP-047,776,341.6,89.7
DEEP-047,806,63.6,89.4
DEEP-047,836,46.4,89.1
DEEP-047,866,12.1,89.4
DEEP-047,896,343.2,88.6
DEEP-047,926,335.1,89.4
DEEP-047,956,301.8,89.4
DEEP-047,986,348.1,89.4
DEEP-047,1016,78,89.6
DEEP-048,0,235,73
DEEP-048,161,240.1,72.1
DEEP-048,191,239.2,72.5
DEEP-048,221,239.2,72.9
DEEP-048,251,239.6,73
DEEP-048,281,239.8,73.2
DEEP-048,311,239.7,73.2
DEEP-048,341,239.6,73.5
DEEP-048,371,238.9,73.9
DEEP-048,401,240,73.8
DEEP-048,431,240.9,74.2
DEEP-048,461,240.8,74.2
DEEP-048,491,240.1,74.6
DEEP-048,521,240.7,74.6
DEEP-048,551,239.4,74.7
DEEP-048,581,238,75
DEEP-048,611,237.7,75.2
DEEP-048,641,238,75
DEEP-048,671,237.4,74.9
DEEP-048,701,237.9,74.9
DEEP-048,737,236.8,74.5
DEEP-048,767,238,74.6
DEEP-048,797,238.5,74.8
DEEP-048,827,239.3,74.6
DEEP-048,857,239.7,74.4
DEEP-048,887,237.4,74.2
DEEP-048,917,238.5,73.6
DEEP-048,947,238.5,73.5
DEEP-048,977,240.7,73.6
DEEP-048,1007,241.1,73.3
DEEP-049,0,0,90
DEEP-049,123.2,0,90
DEEP-049A,0,0,90
DEEP-049A,141,33.1,89.5
DEEP-049A,171,41,89.7
DEEP-049A,201,21.4,89.6
DEEP-049A,231,58,89.5
DEEP-049A,261,18.2,89.5
DEEP-049A,291,13,89.6
DEEP-049A,321,27.3,89.6
DEEP-049A,351,58,89.8
DEEP-049A,381,53,89.9
DEEP-049A,411,81.8,89.6
DEEP-049A,441,94.5,89.7
DEEP-049A,471,43.1,89.8
DEEP-050,0,0,90
DEEP-050,143,18.9,89.5
DEEP-050,173,82.8,89.1
DEEP-050,203,15.9,89.3
DEEP-050,233,106.1,89.4
DEEP-050,263,105.7,89.5
DEEP-050,293,328.5,89.7
DEEP-050,323,92.8,89.4
DEEP-050,353,70.5,89.2
DEEP-050,383,340.4,89.7
DEEP-050,413,343.6,89.8
DEEP-050,443,354.3,89.4
DEEP-050,473,48.8,88.8
DEEP-050,503,24.5,89
DEEP-050,533,21.9,88.8
DEEP-050,563,8.8,88.9
DEEP-050,593,21,88.4
DEEP-050,623,34.9,88.3
DEEP-050,653,18.8,88.6
DEEP-050,683,35.7,88.3
DEEP-051,0,0,90
DEEP-051,263,125.8,89.8
DEEP-051,293,143.3,89.7
DEEP-051,323,350.4,89.7
DEEP-051,353,165.9,89.7
DEEP-051,383,1,89.7
DEEP-051,413,126.9,89.8
DEEP-051,443,289.5,89.7
DEEP-051,473,342.9,89.6
DEEP-051,503,202.6,89.9
DEEP-051,533,328.1,89.5
DEEP-051,563,292.2,89.7
DEEP-051,593,75.2,89.7
DEEP-051,623,10.2,89.9
DEEP-051,653,278.7,89.7
DEEP-051,683,33.7,89.6
DEEP-051,707,45.9,89.4
DEEP-051,737,58.6,89.5
DEEP-051,767,17.8,89.2
DEEP-051,797,26.6,89
DEEP-052,0,0,90
DEEP-052,173,315.5,88
DEEP-052,203,342.4,87.7
DEEP-052,233,351.3,87.3
DEEP-052,263,340.1,87.3
DEEP-052,293,336.9,87.5
DEEP-052,323,325.3,87.7
DEEP-052,353,341.8,87.7
DEEP-052,383,341.6,87.7
DEEP-052,413,340.7,87.8
DEEP-052,443,342.3,87.9
DEEP-052,473,322.8,87.9
DEEP-052,503,335.9,87.4
DEEP-052,533,320.1,88.3
DEEP-052,563,312.9,88.4
DEEP-052,662,308.7,88.5
DEEP-052,692,333.4,88.2
DEEP-052,722,334.9,88.6
DEEP-052,752,306.2,88.6
DEEP-053,0,230,75
DEEP-053,134,224.8,75.8
DEEP-053,164,225.4,76.1
DEEP-053,194,225.3,75.3
DEEP-053,224,225.1,75.4
DEEP-053,254,224.6,76
DEEP-053,284,227.3,76.5
DEEP-053,314,224.9,76.1
DEEP-053,344,222.8,76.4
DEEP-053,374,222.9,76.5
DEEP-053,404,225.9,76.5
DEEP-053,434,226.8,77.2
DEEP-053,464,224.9,76.9
DEEP-053,494,224.7,77.2
DEEP-053,524,223.5,77.6
DEEP-053,554,221.2,77.8
DEEP-053,584,224.8,78.2
DEEP-053,614,226.2,77.8
DEEP-053,644,224.1,77
DEEP-053,674,223.4,77.5
DEEP-054,0,49.71,84.08
DEEP-054,77,46.1,85.2
DEEP-054,107,40.4,85.3
DEEP-054,137,42,85.4
DEEP-054,167,44.6,85.4
DEEP-054,197,40.3,84.8
DEEP-054,227,42.8,85.4
DEEP-054,257,42.5,85.5
DEEP-054,287,39.6,85.2
DEEP-054,317,46.6,85.4
DEEP-054,347,44.7,85.5
DEEP-054,377,39.9,85.2
DEEP-054,407,38.8,85.7
DEEP-054,437,40.2,85.8
DEEP-054,467,42.5,85.9
DEEP-054,497,43,85.7
DEEP-054,527,41.2,85.8
DEEP-054,557,31.8,85
DEEP-054,587,27.2,85.1
DEEP-054,617,31.2,85.1
DEEP-054,647,24.9,85
DEEP-054,677,25,84.7
DEEP-054,680.2,25,84.7
DEEP-055,0,0,90
DEEP-055,127.1,0,90
DEEP-055A,0,0,90
DEEP-055A,155,229.9,89.1
DEEP-055A,185,246.4,89.3
DEEP-055A,215,265.1,89.9
DEEP-055A,245,183.7,89.4
DEEP-055A,275,182.6,89.6
DEEP-055A,305,283.2,89.6
DEEP-055A,335,271.3,89.8
DEEP-055A,365,267.5,89.6
DEEP-055A,395,190.7,89.4
DEEP-055A,425,281.3,89.7
DEEP-055A,455,188.2,89.6
DEEP-055A,485,236.1,89
DEEP-055A,515,260.5,89.2
DEEP-055A,545,222.2,88.8
DEEP-055A,575,238.1,88.7
DEEP-055A,605,232.8,88.5
DEEP-055A,635,231.8,89.1
DEEP-055A,665,219.4,89
DEEP-055A,674,238.3,88.5
DEEP-055A,704,251.3,89
DEEP-055A,734,207.4,89.2
DEEP-055A,764,216.3,88.5
DEEP-055A,794,252.2,89
DEEP-055A,824,225.5,89.1
DEEP-055A,854,203.5,88.6
DEEP-055A,884,212.9,88.5
DEEP-055A,914,211.5,89
DEEP-055A,944,220.8,88.4
DEEP-055A,974,238.4,88.1
DEEP-055A,1004,259.4,88.6
DEEP-055A,1007.2,259.4,88.6
DEEP-056,0,0,90
DEEP-056,185,349.6,88.8
DEEP-056,215,315.1,88.8
DEEP-056,245,329.2,89.3
DEEP-056,275,330.3,89.1
DEEP-056,305,359.5,89
DEEP-056,335,353,88.9
DEEP-056,365,346.3,89.1
DEEP-056,395,347.4,88.8
DEEP-056,425,333.6,88.5
DEEP-056,455,315.8,88.1
DEEP-056,485,321.5,88
DEEP-056,515,329.2,87.8
DEEP-056,545,322.1,87.7
DEEP-056,575,313.3,87.6
DEEP-056,605,299.1,87.7
DEEP-056,635,290.8,87.6
DEEP-056,665,299,87.5
DEEP-056,695,295.4,88
DEEP-056,698.2,295.4,88
DEEP-057,0,0,90
DEEP-057,194,24.7,89.1
DEEP-057,224,35.1,89.2
DEEP-057,254,41,89.1
DEEP-057,284,17.5,89
DEEP-057,314,37.3,88.5
DEEP-057,344,49.2,89.1
DEEP-057,374,61.9,88.9
DEEP-057,404,62.7,89
DEEP-057,434,44.7,88.8
DEEP-057,464,14.1,89.2
DEEP-057,494,24.1,88.8
DEEP-057,524,20.8,89.4
DEEP-057,554,47.1,88.9
DEEP-057,584,23.8,89.4
DEEP-057,614,21.5,89.4
DEEP-057,644,75.1,89.4
DEEP-057,674,25.4,89
DEEP-057,715,0,89.3
DEEP-057,745,58.9,88.7
DEEP-057,778.7,29.7,88.8
DEEP-058,0,0,90
DEEP-058,145,0,90
DEEP-058A,0,0,90
DEEP-058A,233.8,0,90
